sha256	bytes	repository_relative_path
ce5381436f922c3c82b706b50e86e4f53b986afe6edd57a0cc86c380007adaab	10540	CMakeLists.txt
c81eb5b9841ba6ec21cf4afb3a6beb05037a1b4573140973d2a43ffeb8665665	5390	scripts/common_env.sh
22f4f087b1bbf40a917228ae288d89a8de4fec59c8e4de7c24b1fe6e6863e54b	1096	scripts/env_950a3.sh
7585d2c09b47248ddb6229c37f3eca5a6e6990fbcfa6d69b685408b8fb95414e	7691	src/comm/CMakeLists.txt
197b11df8acc559cfa7c6eba4e535c45c8a8f35b6a2973c7eae62fb9d9baaa49	35142	src/comm/tilexr_comm.cpp
0b5cd229d16d1bfa5a5429ea971acea29d4ab55cde4eae805fb9478d50de01da	4504	src/comm/tilexr_internal.cpp
7ed578e629e90120d353b4fa229265f851a1cd3dcca5416567cdf14227ad30a3	933	src/comm/tilexr_internal.h
167165dba9de0d7308b5678037165dd4bf299037fc4c3393ea1d5d3e72bc12e6	2071	src/comm/udma/tilexr_udma_layout.cpp
fe8324e6b0f88bbc5e3d3f860651c3846fd3ade7012c634e9fe64cc05b1f77ed	719	src/comm/udma/tilexr_udma_layout.h
dee9eb55efab89046d19fae74d8586972af6d40ba615f599bd98742eccb4420e	40163	src/comm/udma/tilexr_udma_transport.cpp
659245078cb2de3b7406e8ae8e0d035362682a2590be6b43fee7cc0ae9215c19	18944	src/ep/CMakeLists.txt
f3da02ab113d4d5b60eebc05dbe4111ed6f107764bd6ff633e4696ac52548e05	3025	src/ep/common/ep_urma_combine.h
ead490065ecb9ad00b30134412f9ea120ae08640cee61e935ddfa156f3ceb0a8	1763	src/ep/common/ep_window.h
4b711bde925599620528a400bdb2250f79396231365ecd45b9c07e25507f3ad8	18680	src/ep/host/ep_urma_combine_host.cpp
de24628dde7be31c852dc22ea82932c99d723f2c3bb8c10cbabab784d0855417	1660	src/ep/host/ep_urma_combine_host.h
53733f2d4b2708a3667d2a2119c83314c1c538fc4f2f42fb0a5af8fae59d49fb	5134	src/ep/host/ep_urma_combine_layout.cpp
99d3be732402ba58d2ae5f657cd10848693df191988d42684456d45175735553	1118	src/ep/host/ep_urma_combine_layout.h
bc6d58f05d7e851196644aff7feb2ba119d60c554a75b418a6a2c071d3a485ed	610	src/ep/host/ep_urma_combine_start_gate_window.h
f78d0305a09fa4057e8f03bddae5e34cdf70e80aacc0741d3d2e2bb673f92801	4046	src/ep/host/tilexr_ep_urma_combine.cpp
8c59da19e23856c9a2ba8800d8cf612adedd9e9f9544d9cfbf7f04fe52ad3b47	139084	src/ep/kernels/tilexr_ep_urma_combine_kernel.cpp
b9bd3f32877d37837e96f2f02a61eb75584341718093c56df73b235b044a4322	5480	src/include/comm_args.h
220e05530e29ea893c3aebe419c95148e1504e1e9d31a8431035a2a21d5b5fcc	2504	src/include/tilexr_api.h
f78cfbcb2956e4e5c819c02f0a7b011b7c15bfde0a08b6f898de1a53f3c8f258	15653	src/include/tilexr_data_as_flag.h
922351db2e370bd37e9f0ede7b2283e9853f5ff61a557e909fef9c39370aa4a0	9150	src/include/tilexr_ep_urma_combine_profile.h
7b667c28336cb31822067a35d952ab9288190071e333af00a8d1521a68ffce8a	2964	src/include/tilexr_ep.h
473af14c764c7fffade24fcb2ecd7a0b1b6ab78ab47dbf6ae492bc4fc89be3c3	6214	src/include/tilexr_perf_trace_local.h
6944ba5fabafdef14fb2586c35d341bb8de8c8f2bd2721df173a8ffdfd7ea854	3942	src/include/tilexr_perf_trace.h
74e216a18d5116fed53cbedbbc4af1d65204bba706838118f189188e5168dca7	5217	src/include/tilexr_types.h
b3427cec50f53c43087a128b5a4038df0552e749e49b87e3b36847d10627d570	2149	src/include/tilexr_udma_reg.h
28bbf2b36d1a59c51a27b6963ffcc95d66798db98b9110cc04e488bf54acebb0	3648	src/include/tilexr_udma_types.h
343f7cdfc851e20ec50b4bd79e09ed85b955422bb727cd4217426f95b7782007	29963	src/include/tilexr_udma.h
2fc1460275765556f3368fd544917fcac2fcfef053ca54e893e1893594cb7b85	17083	tests/ep/CMakeLists.txt
0ab72876a2d3152f0909cf396398fb9c8550e2f24e2bace5d6347d1c85347ae2	727	tests/ep/demo/build_tilexr_ep_urma_combine_p44_s20_qdc_v3_balanced_profile_variant.sh
3069aa8d38fa5931f693aa6e5b814123007a0d0203af54da00c3cd3df9a2a5ee	2488	tests/ep/demo/build_tilexr_ep_urma_combine_profile_total_variants_192.sh
2ddd94443223cdbfbb24cf01c12e40a3241b024f603586d5a45a4dcd9994423b	469	tests/ep/demo/build_tilexr_ep_urma_combine_s1_48_parallel_round_publish_profile_variant.sh
2203ee5209c877232152dc5d9c39cf5836e016e4b17173bf1d8f4cc80d207e97	475	tests/ep/demo/build_tilexr_ep_urma_combine_s1_48_parallel_round_publish_variant.sh
5c8e289eac18446934ae9758e6ea210476e8201ce762827d10f5c91b1f2d1120	17198	tests/ep/demo/build_tilexr_ep_urma_combine_variant.sh
4ff1463429c1c3d6e6ebd65b2b5f4c74f05b9cfcbe4ed209e7a070e7fe390a18	1753	tests/ep/demo/run_tilexr_ep_urma_combine_demo.sh
866e283f1ba3b123f353f17bf8113dcf78597eded768dcf6edf4351a928827a5	24730	tests/ep/demo/run_tilexr_ep_urma_combine_multihost.sh
96a18552f078023022622901ec9ed1e4f34766610a12eeb762c97f43df199ec3	8136	tests/ep/demo/run_tilexr_ep_urma_combine_profile_total_192.sh
703e8abebf576c9656e7a0c69038fb48fc9328ad32993e00a86e227d717ab94c	1440	tests/ep/demo/run_tilexr_ep_urma_combine_s1_48_db1_strict_kernel_latency_8card.sh
b58ae9d164819e80e5a7f646ad1d500e8883ff5a5088c42a40e9cedb8bef961f	1511	tests/ep/demo/run_tilexr_ep_urma_combine_s1_48_db1_strict_kernel_latency.sh
93781724d93b95bb77fa755b51f97051e5f7815df319e55efc69005f689603a9	1527	tests/ep/demo/run_tilexr_ep_urma_combine_s1_48_parallel_round_publish_strict_kernel_latency.sh
6a19c8260a6aa309635ef4d5b578aafc7e0c201f66b7bcf359ca2ad20c31a2ea	57400	tests/ep/demo/tilexr_ep_urma_combine_demo.cpp
19479ed28c6c6fd3fd9182365a729e91c332a45107bc9e4fa01b78143938e6b2	45009	tests/ep/demo/tilexr_ep_urma_combine_matrix_compare.py
bde743faf0380631303d2f646e34c05c9aa8ef837790335717a25aec4c7188bc	77011	tests/ep/demo/tilexr_ep_urma_combine_profile_report.py
b419ad0d4a6ae389e3be50bd32a4b8b59b12370c80a593e156833624eb304c6d	5050	tests/ep/demo/tilexr_ep_urma_combine_progress_decode.py
963e60e70e5e8730c04c4513a31520d575a072d44dc143a2a654e37cc1047c5a	12967	tests/ep/demo/tilexr_ep_urma_combine_strict_kernel_latency_report.py
543f7db19d39be4e987de2a5c28d300b28e9756f5d5eeb717b9e35d592f31b18	26468	tests/ep/unit/test_tilexr_ep_api_sources.cpp
e4571c9a36cf6f3af251ab1900a3436ae3a22ec18287ba9a39c7d3e8070930b1	56118	tests/ep/unit/test_tilexr_ep_kernel_sources.cpp
06cb58e2e787c6d844d11028a16dfeb202bc5a5522d7ef8f0a57650fb0d463b6	12564	tests/ep/unit/test_tilexr_ep_layout.cpp
b8e2e0842a8ab1a564c21d20b4a7cbddec732fb3687ce95e10b6b42aeff9e061	34436	tests/ep/unit/test_tilexr_ep_profile_report.py
5777faac12255f65113da464b05f3d684df045a9893fe8266d53eedeef08e503	1295	tests/ep/unit/test_tilexr_ep_start_gate_window.cpp
78abe252b14190a67151c5c5836b0e87764c1fa550c3fe39e32bedfa197bc8be	3927	tests/ep/unit/test_tilexr_ep_urma_combine_send_route_balance.py
10698cf1b95801aa766503aa32b4eac0ad78300125048c8289e265663d09d62c	27477	tests/ep/unit/test_tilexr_ep_urma_combine_strict_kernel_latency.py
